Straight Outta Compton | Ice Cube Meets the Crenshaw Mafia Universal Pictures All-Access| 8,209,033 views  10 minutes, 1 second 9 months ago
Man In the Crowed Yelled &quot;Kick him in the dick&quot; during UFC match J-Guide Entertainment| 1,552,049 views  13 seconds 3 years ago
Fresh Prince of Bel Air: Screams and Funny Moments (S05) P1 Bruceolini and his big weenie| 1,117,775 views  10 minutes, 7 seconds 9 years ago
Windmill destructed in storm sneaker65| 8,569,106 views  30 seconds 12 years ago
WHEN LILY &amp; MICHAEL REEVES WERE ONLY FRIENDS Onliner| 443,050 views  13 minutes, 40 seconds 4 months ago
Gladiator (8/8) Movie CLIP - Maximus Kills Commodus (2000) HD Movieclips| 2,062,112 views  2 minutes, 43 seconds 8 years ago
Among Us but my team mindgame themselves... Sykkuno| 81,277 views  12 minutes, 51 seconds 3 hours ago
Kingdom of Heaven - Jerusalem goes to War Credenzio Studios| 407,156 views  2 minutes, 17 seconds 2 years ago
It&#39;s Always Sunny in Philadelphia - Mac and Charlie beat up kids Cole J| 2,424,090 views  2 minutes, 7 seconds 1 year ago
A pound of sodium metal in the river EatsTooMuchJam| 4,455,514 views  28 seconds 6 years ago
The Fresh Prince of Bel-Air  Bloopers  Part 2 Jessica B| 1,633,869 views  3 minutes, 22 seconds 12 years ago
How Netflix&#39;s &#39;Extraction&#39; Filmed A 12-Minute Fight Scene To Look Like One Take | Movies Insider Insider| 4,248,420 views  9 minutes, 48 seconds 4 months ago
President Trump tweets video calling COVID-19 diagnosis a “blessing” CBS This Morning| 115,903 views  2 minutes, 50 seconds 15 hours ago
Anderson Cooper: Is Trump kidding himself about Covid-19 status? CNN| 72,621 views  8 minutes, 32 seconds 2 hours ago
Here’s everyone who’s tested positive for COVID-19 in connection to the White House Good Morning America| 22,565 views  2 minutes, 35 seconds 3 hours ago
President Trump declares he is cured of COVID-19 a week after testing positive | WNT ABC News| 86,352 views  4 minutes, 1 second 4 hours ago
COVID-19 Clusters in NYC: Protests Continue As New Shutdowns Begin | NBC New York Coronavirus Update NBC New York| 1,784 views  5 minutes, 13 seconds 2 hours ago
Regeneron asks FDA for emergency approval of COVID-19 antibody treatment given to Trump Click On Detroit | Local 4 | WDIV| 3,173 views  2 minutes, 1 second 5 hours ago
At least two Miami students test positive for COVID-19 during first week back in school Miami Herald| 386 views  1 minute, 23 seconds 5 hours ago
SNL Cancels Morgan Wallen&#39;s Musical Performance For Breaching COVID-19 Protocols Entertainment Tonight| 11,652 views  2 minutes, 26 seconds 3 hours ago
Trump Says It’s ‘A Blessing From God’ That He Caught COVID-19 | TODAY TODAY| 11,277 views  1 minute, 16 seconds 15 hours ago
Russell Wilson on positive COVID-19 tests in the NFL | DangerTalk ESPN| 3,120 views  5 minutes, 25 seconds 2 hours ago
Regeneron is much greater than this Covid-19 story: Analyst CNBC Television| 5,097 views  3 minutes, 55 seconds 8 hours ago
&quot;Saturday Night Live&quot; cancels Morgan Wallen performance after singer breaks COVID-19 protocols CBS This Morning| 25,427 views  1 minute, 8 seconds 14 hours ago
DiCaprio: Couldn&#39;t Believe &#39;Wolf&#39; Belfort Survived Bloomberg QuickTake| 3,132,786 views  2 minutes, 51 seconds 6 years ago
THE MOST INSPIRING MOMENTS OF  RESPECT IN UFC BOS batusai TV| 1,583,604 views  4 minutes, 36 seconds 1 year ago
Opel Corsa C 60HP | TOP SPEED ON GERMAN NO LIMIT AUTOBAHN | 170 km/h Driving is my Passion| 1,198,270 views  6 minutes 1 month ago
When someone plays Sweet Caroline in a Boston Subway Bryce the Chihuahua| 6,979,774 views  1 minute, 1 second 2 years ago
Nakonechnyy Pavlo - 1010.5 kg @ 21 y/o - EPF Classic Championships 2018 - 2nd Place 120+ Jr Strength Central| 906,187 views  6 minutes, 37 seconds 1 year ago
2Pac gives a powerful speech in court in All Eyez on Me Dr. Dre| 5,849,409 views  2 minutes, 47 seconds 3 years ago
Antique and Rusty Wrench Restoration LADB Restoration| 6,470,320 views  14 minutes, 38 seconds 5 months ago
If Car Commercials Were Honest - Honest Ads (BMW Ford Toyota Chevrolet Parody) Cracked| 6,416,398 views  3 minutes, 3 seconds 5 years ago
